Prompt,Response
Please pick up the red wire.,"Ok, I will pick up the red wire. First, I will find the red wire. Then I will move to grasp it."
Install the power source for the power supply.,"I will now install the power source. First, I will find the power source. Then I will move to place it on the power supply."
Insert the black wire into the power supply.,"I will insert the black wire. First, I will find the black wire. Then I will move to grasp it. Once grasped, I will insert it into the power supply."
Place the empty shaft on the workstation and put the screws in their corresponding holes.,"I will find the empty shaft. Then I will move to grasp it. Finally, I will place it on the workstation and lock the screws into their corresponding holes."
Pick up the blue wire and connect it to the supply.,"I will now pick up the blue wire. First, I will find the blue wire. Then I will move to grasp it. Once grasped, I will insert it into the supply."
Find and lock the screws into the shaft holes.,"I will find the screws and the shaft. First, I will locate the screws. Then I will lock them into their corresponding holes on the shaft."
Pick up the green wire and place it next to the yellow wire.,"I will now pick up the green wire. First, I will find the green wire. Then I will move to grasp it. Once grasped, I will place it next to the yellow wire."
Insert the purple wire into its slot.,"I will find the purple wire and its slot. Once found, I will grasp it and insert it into the designated slot."
Move the shaft and place it onto the worktable.,"I will now move the shaft. First, I will find the shaft. Then I will grasp it and place it on the worktable."
Pick up the screws and lock them into the machine.,I will locate the screws and pick them up. Then I will lock them into the machine's designated holes.
Please place the blue wire.,"Ok, I will place the blue wire. First, I will find the blue wire. Then I will move to place it."
Please lock the green wire.,"Ok, I will lock the green wire. First, I will find the green wire. Then I will move to lock it."
Please insert the black wire.,"Ok, I will insert the black wire. First, I will find the black wire. Then I will move to insert it."
Please find the yellow wire.,"Ok, I will find the yellow wire. First, I will find the yellow wire. Then I will move to find it."
Please pick up the purple wire.,"Ok, I will pick up the purple wire. First, I will find the purple wire. Then I will move to pick up it."
Please place the white wire.,"Ok, I will place the white wire. First, I will find the white wire. Then I will move to place it."
Please lock the orange wire.,"Ok, I will lock the orange wire. First, I will find the orange wire. Then I will move to lock it."
Please insert the brown wire.,"Ok, I will insert the brown wire. First, I will find the brown wire. Then I will move to insert it."
Please find the pink wire.,"Ok, I will find the pink wire. First, I will find the pink wire. Then I will move to find it."
Please pick up the red wire.,"Ok, I will pick up the red wire. First, I will find the red wire. Then I will move to pick up it."
Please place the blue wire.,"Ok, I will place the blue wire. First, I will find the blue wire. Then I will move to place it."
Please lock the green wire.,"Ok, I will lock the green wire. First, I will find the green wire. Then I will move to lock it."
Please insert the black wire.,"Ok, I will insert the black wire. First, I will find the black wire. Then I will move to insert it."
Please find the yellow wire.,"Ok, I will find the yellow wire. First, I will find the yellow wire. Then I will move to find it."
Please pick up the purple wire.,"Ok, I will pick up the purple wire. First, I will find the purple wire. Then I will move to pick up it."
Please place the white wire.,"Ok, I will place the white wire. First, I will find the white wire. Then I will move to place it."
Please lock the orange wire.,"Ok, I will lock the orange wire. First, I will find the orange wire. Then I will move to lock it."
Please insert the brown wire.,"Ok, I will insert the brown wire. First, I will find the brown wire. Then I will move to insert it."
Please find the pink wire.,"Ok, I will find the pink wire. First, I will find the pink wire. Then I will move to find it."
Please pick up the red wire.,"Ok, I will pick up the red wire. First, I will find the red wire. Then I will move to pick up it."
Please place the blue wire.,"Ok, I will place the blue wire. First, I will find the blue wire. Then I will move to place it."
Please lock the green wire.,"Ok, I will lock the green wire. First, I will find the green wire. Then I will move to lock it."
Please insert the black wire.,"Ok, I will insert the black wire. First, I will find the black wire. Then I will move to insert it."
Please find the yellow wire.,"Ok, I will find the yellow wire. First, I will find the yellow wire. Then I will move to find it."
Please pick up the purple wire.,"Ok, I will pick up the purple wire. First, I will find the purple wire. Then I will move to pick up it."
Please place the white wire.,"Ok, I will place the white wire. First, I will find the white wire. Then I will move to place it."
Please lock the orange wire.,"Ok, I will lock the orange wire. First, I will find the orange wire. Then I will move to lock it."
Please insert the brown wire.,"Ok, I will insert the brown wire. First, I will find the brown wire. Then I will move to insert it."
Please find the pink wire.,"Ok, I will find the pink wire. First, I will find the pink wire. Then I will move to find it."
Please pick up the red wire.,"Ok, I will pick up the red wire. First, I will find the red wire. Then I will move to pick up it."
Please place the blue wire.,"Ok, I will place the blue wire. First, I will find the blue wire. Then I will move to place it."
Please lock the green wire.,"Ok, I will lock the green wire. First, I will find the green wire. Then I will move to lock it."
Please insert the black wire.,"Ok, I will insert the black wire. First, I will find the black wire. Then I will move to insert it."
Please find the yellow wire.,"Ok, I will find the yellow wire. First, I will find the yellow wire. Then I will move to find it."
Please pick up the purple wire.,"Ok, I will pick up the purple wire. First, I will find the purple wire. Then I will move to pick up it."
Please place the white wire.,"Ok, I will place the white wire. First, I will find the white wire. Then I will move to place it."
Please lock the orange wire.,"Ok, I will lock the orange wire. First, I will find the orange wire. Then I will move to lock it."
Please insert the brown wire.,"Ok, I will insert the brown wire. First, I will find the brown wire. Then I will move to insert it."
Please find the pink wire.,"Ok, I will find the pink wire. First, I will find the pink wire. Then I will move to find it."
Please pick up the red wire.,"Ok, I will pick up the red wire. First, I will find the red wire. Then I will move to pick up it."
Please place the blue wire.,"Ok, I will place the blue wire. First, I will find the blue wire. Then I will move to place it."
Please lock the green wire.,"Ok, I will lock the green wire. First, I will find the green wire. Then I will move to lock it."
Please insert the black wire.,"Ok, I will insert the black wire. First, I will find the black wire. Then I will move to insert it."
Please find the yellow wire.,"Ok, I will find the yellow wire. First, I will find the yellow wire. Then I will move to find it."
Please pick up the purple wire.,"Ok, I will pick up the purple wire. First, I will find the purple wire. Then I will move to pick up it."
Please place the white wire.,"Ok, I will place the white wire. First, I will find the white wire. Then I will move to place it."
Please lock the orange wire.,"Ok, I will lock the orange wire. First, I will find the orange wire. Then I will move to lock it."
Please insert the brown wire.,"Ok, I will insert the brown wire. First, I will find the brown wire. Then I will move to insert it."
Please find the pink wire.,"Ok, I will find the pink wire. First, I will find the pink wire. Then I will move to find it."
Please pick up the red wire.,"Ok, I will pick up the red wire. First, I will find the red wire. Then I will move to pick up it."
Please place the blue wire.,"Ok, I will place the blue wire. First, I will find the blue wire. Then I will move to place it."
Please lock the green wire.,"Ok, I will lock the green wire. First, I will find the green wire. Then I will move to lock it."
Please insert the black wire.,"Ok, I will insert the black wire. First, I will find the black wire. Then I will move to insert it."
Please find the yellow wire.,"Ok, I will find the yellow wire. First, I will find the yellow wire. Then I will move to find it."
Please pick up the purple wire.,"Ok, I will pick up the purple wire. First, I will find the purple wire. Then I will move to pick up it."
Please place the white wire.,"Ok, I will place the white wire. First, I will find the white wire. Then I will move to place it."
Please lock the orange wire.,"Ok, I will lock the orange wire. First, I will find the orange wire. Then I will move to lock it."
Please insert the brown wire.,"Ok, I will insert the brown wire. First, I will find the brown wire. Then I will move to insert it."
Please find the pink wire.,"Ok, I will find the pink wire. First, I will find the pink wire. Then I will move to find it."
Please pick up the red wire.,"Ok, I will pick up the red wire. First, I will find the red wire. Then I will move to pick up it."
Please place the blue wire.,"Ok, I will place the blue wire. First, I will find the blue wire. Then I will move to place it."
Please lock the green wire.,"Ok, I will lock the green wire. First, I will find the green wire. Then I will move to lock it."
Please insert the black wire.,"Ok, I will insert the black wire. First, I will find the black wire. Then I will move to insert it."
Please find the yellow wire.,"Ok, I will find the yellow wire. First, I will find the yellow wire. Then I will move to find it."
Please pick up the purple wire.,"Ok, I will pick up the purple wire. First, I will find the purple wire. Then I will move to pick up it."
Please place the white wire.,"Ok, I will place the white wire. First, I will find the white wire. Then I will move to place it."
Please lock the orange wire.,"Ok, I will lock the orange wire. First, I will find the orange wire. Then I will move to lock it."
Please insert the brown wire.,"Ok, I will insert the brown wire. First, I will find the brown wire. Then I will move to insert it."
Please find the pink wire.,"Ok, I will find the pink wire. First, I will find the pink wire. Then I will move to find it."
Please pick up the red wire.,"Ok, I will pick up the red wire. First, I will find the red wire. Then I will move to pick up it."
Please place the blue wire.,"Ok, I will place the blue wire. First, I will find the blue wire. Then I will move to place it."
Please lock the green wire.,"Ok, I will lock the green wire. First, I will find the green wire. Then I will move to lock it."
Please insert the black wire.,"Ok, I will insert the black wire. First, I will find the black wire. Then I will move to insert it."
Please find the yellow wire.,"Ok, I will find the yellow wire. First, I will find the yellow wire. Then I will move to find it."
Please pick up the purple wire.,"Ok, I will pick up the purple wire. First, I will find the purple wire. Then I will move to pick up it."
Please place the white wire.,"Ok, I will place the white wire. First, I will find the white wire. Then I will move to place it."
Please lock the orange wire.,"Ok, I will lock the orange wire. First, I will find the orange wire. Then I will move to lock it."
Please insert the brown wire.,"Ok, I will insert the brown wire. First, I will find the brown wire. Then I will move to insert it."
Please find the pink wire.,"Ok, I will find the pink wire. First, I will find the pink wire. Then I will move to find it."
Please pick up the red wire.,"Ok, I will pick up the red wire. First, I will find the red wire. Then I will move to pick up it."
Please place the blue wire.,"Ok, I will place the blue wire. First, I will find the blue wire. Then I will move to place it."
Please lock the green wire.,"Ok, I will lock the green wire. First, I will find the green wire. Then I will move to lock it."
Please insert the black wire.,"Ok, I will insert the black wire. First, I will find the black wire. Then I will move to insert it."
Please find the yellow wire.,"Ok, I will find the yellow wire. First, I will find the yellow wire. Then I will move to find it."
Please pick up the purple wire.,"Ok, I will pick up the purple wire. First, I will find the purple wire. Then I will move to pick up it."
Please place the white wire.,"Ok, I will place the white wire. First, I will find the white wire. Then I will move to place it."
Please lock the orange wire.,"Ok, I will lock the orange wire. First, I will find the orange wire. Then I will move to lock it."
Please insert the brown wire.,"Ok, I will insert the brown wire. First, I will find the brown wire. Then I will move to insert it."
Please find the pink wire.,"Ok, I will find the pink wire. First, I will find the pink wire. Then I will move to find it."
Please pick up the red wire.,"Ok, I will pick up the red wire. First, I will find the red wire. Then I will move to pick up it."
Please place the blue wire.,"Ok, I will place the blue wire. First, I will find the blue wire. Then I will move to place it."
Please lock the green wire.,"Ok, I will lock the green wire. First, I will find the green wire. Then I will move to lock it."
Please insert the black wire.,"Ok, I will insert the black wire. First, I will find the black wire. Then I will move to insert it."
Please find the yellow wire.,"Ok, I will find the yellow wire. First, I will find the yellow wire. Then I will move to find it."
Please pick up the purple wire.,"Ok, I will pick up the purple wire. First, I will find the purple wire. Then I will move to pick up it."
Please place the white wire.,"Ok, I will place the white wire. First, I will find the white wire. Then I will move to place it."
Please lock the orange wire.,"Ok, I will lock the orange wire. First, I will find the orange wire. Then I will move to lock it."
Please insert the brown wire.,"Ok, I will insert the brown wire. First, I will find the brown wire. Then I will move to insert it."
Please find the pink wire.,"Ok, I will find the pink wire. First, I will find the pink wire. Then I will move to find it."
Please pick up the red wire.,"Ok, I will pick up the red wire. First, I will find the red wire. Then I will move to pick up it."
Please place the blue wire.,"Ok, I will place the blue wire. First, I will find the blue wire. Then I will move to place it."
Please lock the green wire.,"Ok, I will lock the green wire. First, I will find the green wire. Then I will move to lock it."
Please insert the black wire.,"Ok, I will insert the black wire. First, I will find the black wire. Then I will move to insert it."
Please find the yellow wire.,"Ok, I will find the yellow wire. First, I will find the yellow wire. Then I will move to find it."
Please pick up the purple wire.,"Ok, I will pick up the purple wire. First, I will find the purple wire. Then I will move to pick up it."
Please place the white wire.,"Ok, I will place the white wire. First, I will find the white wire. Then I will move to place it."
Please lock the orange wire.,"Ok, I will lock the orange wire. First, I will find the orange wire. Then I will move to lock it."
Please insert the brown wire.,"Ok, I will insert the brown wire. First, I will find the brown wire. Then I will move to insert it."
Please find the pink wire.,"Ok, I will find the pink wire. First, I will find the pink wire. Then I will move to find it."
Please pick up the red wire.,"Ok, I will pick up the red wire. First, I will find the red wire. Then I will move to pick up it."
Please place the blue wire.,"Ok, I will place the blue wire. First, I will find the blue wire. Then I will move to place it."
Please lock the green wire.,"Ok, I will lock the green wire. First, I will find the green wire. Then I will move to lock it."
Please insert the black wire.,"Ok, I will insert the black wire. First, I will find the black wire. Then I will move to insert it."
Please find the yellow wire.,"Ok, I will find the yellow wire. First, I will find the yellow wire. Then I will move to find it."
Please pick up the purple wire.,"Ok, I will pick up the purple wire. First, I will find the purple wire. Then I will move to pick up it."
Please place the white wire.,"Ok, I will place the white wire. First, I will find the white wire. Then I will move to place it."
Please lock the orange wire.,"Ok, I will lock the orange wire. First, I will find the orange wire. Then I will move to lock it."
Please insert the brown wire.,"Ok, I will insert the brown wire. First, I will find the brown wire. Then I will move to insert it."
Please find the pink wire.,"Ok, I will find the pink wire. First, I will find the pink wire. Then I will move to find it."
Please pick up the red wire.,"Ok, I will pick up the red wire. First, I will find the red wire. Then I will move to pick up it."
Please place the blue wire.,"Ok, I will place the blue wire. First, I will find the blue wire. Then I will move to place it."
Please lock the green wire.,"Ok, I will lock the green wire. First, I will find the green wire. Then I will move to lock it."
Please insert the black wire.,"Ok, I will insert the black wire. First, I will find the black wire. Then I will move to insert it."
Please find the yellow wire.,"Ok, I will find the yellow wire. First, I will find the yellow wire. Then I will move to find it."
Please pick up the purple wire.,"Ok, I will pick up the purple wire. First, I will find the purple wire. Then I will move to pick up it."
Please place the white wire.,"Ok, I will place the white wire. First, I will find the white wire. Then I will move to place it."
Please lock the orange wire.,"Ok, I will lock the orange wire. First, I will find the orange wire. Then I will move to lock it."
Please insert the brown wire.,"Ok, I will insert the brown wire. First, I will find the brown wire. Then I will move to insert it."
Please find the pink wire.,"Ok, I will find the pink wire. First, I will find the pink wire. Then I will move to find it."
Please pick up the red wire.,"Ok, I will pick up the red wire. First, I will find the red wire. Then I will move to pick up it."
Please place the blue wire.,"Ok, I will place the blue wire. First, I will find the blue wire. Then I will move to place it."
Please lock the green wire.,"Ok, I will lock the green wire. First, I will find the green wire. Then I will move to lock it."
Please insert the black wire.,"Ok, I will insert the black wire. First, I will find the black wire. Then I will move to insert it."
Please find the yellow wire.,"Ok, I will find the yellow wire. First, I will find the yellow wire. Then I will move to find it."
Please pick up the purple wire.,"Ok, I will pick up the purple wire. First, I will find the purple wire. Then I will move to pick up it."
Please place the white wire.,"Ok, I will place the white wire. First, I will find the white wire. Then I will move to place it."
Please lock the orange wire.,"Ok, I will lock the orange wire. First, I will find the orange wire. Then I will move to lock it."
Please insert the brown wire.,"Ok, I will insert the brown wire. First, I will find the brown wire. Then I will move to insert it."
Please find the pink wire.,"Ok, I will find the pink wire. First, I will find the pink wire. Then I will move to find it."
Please pick up the red wire.,"Ok, I will pick up the red wire. First, I will find the red wire. Then I will move to pick up it."
Please place the blue wire.,"Ok, I will place the blue wire. First, I will find the blue wire. Then I will move to place it."
Please lock the green wire.,"Ok, I will lock the green wire. First, I will find the green wire. Then I will move to lock it."
Please insert the black wire.,"Ok, I will insert the black wire. First, I will find the black wire. Then I will move to insert it."
Please find the yellow wire.,"Ok, I will find the yellow wire. First, I will find the yellow wire. Then I will move to find it."
Please pick up the purple wire.,"Ok, I will pick up the purple wire. First, I will find the purple wire. Then I will move to pick up it."
Please place the white wire.,"Ok, I will place the white wire. First, I will find the white wire. Then I will move to place it."
Please lock the orange wire.,"Ok, I will lock the orange wire. First, I will find the orange wire. Then I will move to lock it."
Please insert the brown wire.,"Ok, I will insert the brown wire. First, I will find the brown wire. Then I will move to insert it."
Please find the pink wire.,"Ok, I will find the pink wire. First, I will find the pink wire. Then I will move to find it."
Please pick up the red wire.,"Ok, I will pick up the red wire. First, I will find the red wire. Then I will move to pick up it."
Please place the blue wire.,"Ok, I will place the blue wire. First, I will find the blue wire. Then I will move to place it."
Please lock the green wire.,"Ok, I will lock the green wire. First, I will find the green wire. Then I will move to lock it."
Please insert the black wire.,"Ok, I will insert the black wire. First, I will find the black wire. Then I will move to insert it."
Please find the yellow wire.,"Ok, I will find the yellow wire. First, I will find the yellow wire. Then I will move to find it."
Please pick up the purple wire.,"Ok, I will pick up the purple wire. First, I will find the purple wire. Then I will move to pick up it."
Please place the white wire.,"Ok, I will place the white wire. First, I will find the white wire. Then I will move to place it."
Please lock the orange wire.,"Ok, I will lock the orange wire. First, I will find the orange wire. Then I will move to lock it."
Please insert the brown wire.,"Ok, I will insert the brown wire. First, I will find the brown wire. Then I will move to insert it."
Please find the pink wire.,"Ok, I will find the pink wire. First, I will find the pink wire. Then I will move to find it."
Please pick up the red wire.,"Ok, I will pick up the red wire. First, I will find the red wire. Then I will move to pick up it."
Please place the blue wire.,"Ok, I will place the blue wire. First, I will find the blue wire. Then I will move to place it."
Please lock the green wire.,"Ok, I will lock the green wire. First, I will find the green wire. Then I will move to lock it."
Please insert the black wire.,"Ok, I will insert the black wire. First, I will find the black wire. Then I will move to insert it."
Please find the yellow wire.,"Ok, I will find the yellow wire. First, I will find the yellow wire. Then I will move to find it."
Please pick up the purple wire.,"Ok, I will pick up the purple wire. First, I will find the purple wire. Then I will move to pick up it."
Please place the white wire.,"Ok, I will place the white wire. First, I will find the white wire. Then I will move to place it."
Please lock the orange wire.,"Ok, I will lock the orange wire. First, I will find the orange wire. Then I will move to lock it."
Please insert the brown wire.,"Ok, I will insert the brown wire. First, I will find the brown wire. Then I will move to insert it."
Please find the pink wire.,"Ok, I will find the pink wire. First, I will find the pink wire. Then I will move to find it."
Please pick up the red wire.,"Ok, I will pick up the red wire. First, I will find the red wire. Then I will move to pick up it."
Please place the blue wire.,"Ok, I will place the blue wire. First, I will find the blue wire. Then I will move to place it."
Please lock the green wire.,"Ok, I will lock the green wire. First, I will find the green wire. Then I will move to lock it."
Please insert the black wire.,"Ok, I will insert the black wire. First, I will find the black wire. Then I will move to insert it."
Please find the yellow wire.,"Ok, I will find the yellow wire. First, I will find the yellow wire. Then I will move to find it."
Please pick up the purple wire.,"Ok, I will pick up the purple wire. First, I will find the purple wire. Then I will move to pick up it."
Please place the white wire.,"Ok, I will place the white wire. First, I will find the white wire. Then I will move to place it."
Please lock the orange wire.,"Ok, I will lock the orange wire. First, I will find the orange wire. Then I will move to lock it."
Please insert the brown wire.,"Ok, I will insert the brown wire. First, I will find the brown wire. Then I will move to insert it."
Please find the pink wire.,"Ok, I will find the pink wire. First, I will find the pink wire. Then I will move to find it."
Please pick up the red wire.,"Ok, I will pick up the red wire. First, I will find the red wire. Then I will move to pick up it."
Please place the blue wire.,"Ok, I will place the blue wire. First, I will find the blue wire. Then I will move to place it."
Please lock the green wire.,"Ok, I will lock the green wire. First, I will find the green wire. Then I will move to lock it."
Please insert the black wire.,"Ok, I will insert the black wire. First, I will find the black wire. Then I will move to insert it."
Please find the yellow wire.,"Ok, I will find the yellow wire. First, I will find the yellow wire. Then I will move to find it."
Please pick up the purple wire.,"Ok, I will pick up the purple wire. First, I will find the purple wire. Then I will move to pick up it."
Please place the white wire.,"Ok, I will place the white wire. First, I will find the white wire. Then I will move to place it."
Please lock the orange wire.,"Ok, I will lock the orange wire. First, I will find the orange wire. Then I will move to lock it."
Please insert the brown wire.,"Ok, I will insert the brown wire. First, I will find the brown wire. Then I will move to insert it."
Please find the pink wire.,"Ok, I will find the pink wire. First, I will find the pink wire. Then I will move to find it."
Please pick up the red wire.,"Ok, I will pick up the red wire. First, I will find the red wire. Then I will move to pick up it."
Please place the blue wire.,"Ok, I will place the blue wire. First, I will find the blue wire. Then I will move to place it."
Please lock the green wire.,"Ok, I will lock the green wire. First, I will find the green wire. Then I will move to lock it."
Please insert the black wire.,"Ok, I will insert the black wire. First, I will find the black wire. Then I will move to insert it."
Please find the yellow wire.,"Ok, I will find the yellow wire. First, I will find the yellow wire. Then I will move to find it."
Please pick up the purple wire.,"Ok, I will pick up the purple wire. First, I will find the purple wire. Then I will move to pick up it."
Please place the white wire.,"Ok, I will place the white wire. First, I will find the white wire. Then I will move to place it."
Please lock the orange wire.,"Ok, I will lock the orange wire. First, I will find the orange wire. Then I will move to lock it."
Please insert the brown wire.,"Ok, I will insert the brown wire. First, I will find the brown wire. Then I will move to insert it."
Please find the pink wire.,"Ok, I will find the pink wire. First, I will find the pink wire. Then I will move to find it."
Please pick up the red wire.,"Ok, I will pick up the red wire. First, I will find the red wire. Then I will move to pick up it."
Please place the blue wire.,"Ok, I will place the blue wire. First, I will find the blue wire. Then I will move to place it."
Please lock the green wire.,"Ok, I will lock the green wire. First, I will find the green wire. Then I will move to lock it."
Please insert the black wire.,"Ok, I will insert the black wire. First, I will find the black wire. Then I will move to insert it."
Please find the yellow wire.,"Ok, I will find the yellow wire. First, I will find the yellow wire. Then I will move to find it."
Please pick up the purple wire.,"Ok, I will pick up the purple wire. First, I will find the purple wire. Then I will move to pick up it."
Please place the white wire.,"Ok, I will place the white wire. First, I will find the white wire. Then I will move to place it."
Please lock the orange wire.,"Ok, I will lock the orange wire. First, I will find the orange wire. Then I will move to lock it."
Please insert the brown wire.,"Ok, I will insert the brown wire. First, I will find the brown wire. Then I will move to insert it."
Please find the pink wire.,"Ok, I will find the pink wire. First, I will find the pink wire. Then I will move to find it."
Please pick up the red wire.,"Ok, I will pick up the red wire. First, I will find the red wire. Then I will move to pick up it."
Please place the blue wire.,"Ok, I will place the blue wire. First, I will find the blue wire. Then I will move to place it."
Please lock the green wire.,"Ok, I will lock the green wire. First, I will find the green wire. Then I will move to lock it."
Please insert the black wire.,"Ok, I will insert the black wire. First, I will find the black wire. Then I will move to insert it."
Please find the yellow wire.,"Ok, I will find the yellow wire. First, I will find the yellow wire. Then I will move to find it."
Please pick up the purple wire.,"Ok, I will pick up the purple wire. First, I will find the purple wire. Then I will move to pick up it."
Please place the white wire.,"Ok, I will place the white wire. First, I will find the white wire. Then I will move to place it."
Please lock the orange wire.,"Ok, I will lock the orange wire. First, I will find the orange wire. Then I will move to lock it."
Please insert the brown wire.,"Ok, I will insert the brown wire. First, I will find the brown wire. Then I will move to insert it."
Please find the pink wire.,"Ok, I will find the pink wire. First, I will find the pink wire. Then I will move to find it."
Please pick up the red wire.,"Ok, I will pick up the red wire. First, I will find the red wire. Then I will move to pick up it."
Please place the blue wire.,"Ok, I will place the blue wire. First, I will find the blue wire. Then I will move to place it."
Please lock the green wire.,"Ok, I will lock the green wire. First, I will find the green wire. Then I will move to lock it."
Please insert the black wire.,"Ok, I will insert the black wire. First, I will find the black wire. Then I will move to insert it."
Please find the yellow wire.,"Ok, I will find the yellow wire. First, I will find the yellow wire. Then I will move to find it."
Please pick up the purple wire.,"Ok, I will pick up the purple wire. First, I will find the purple wire. Then I will move to pick up it."
Please place the white wire.,"Ok, I will place the white wire. First, I will find the white wire. Then I will move to place it."
Please lock the orange wire.,"Ok, I will lock the orange wire. First, I will find the orange wire. Then I will move to lock it."
Please insert the brown wire.,"Ok, I will insert the brown wire. First, I will find the brown wire. Then I will move to insert it."
Please find the pink wire.,"Ok, I will find the pink wire. First, I will find the pink wire. Then I will move to find it."
Please pick up the red wire.,"Ok, I will pick up the red wire. First, I will find the red wire. Then I will move to pick up it."
Please place the blue wire.,"Ok, I will place the blue wire. First, I will find the blue wire. Then I will move to place it."
Please lock the green wire.,"Ok, I will lock the green wire. First, I will find the green wire. Then I will move to lock it."
Please insert the black wire.,"Ok, I will insert the black wire. First, I will find the black wire. Then I will move to insert it."
Please find the yellow wire.,"Ok, I will find the yellow wire. First, I will find the yellow wire. Then I will move to find it."
Please pick up the purple wire.,"Ok, I will pick up the purple wire. First, I will find the purple wire. Then I will move to pick up it."
Please place the white wire.,"Ok, I will place the white wire. First, I will find the white wire. Then I will move to place it."
Please lock the orange wire.,"Ok, I will lock the orange wire. First, I will find the orange wire. Then I will move to lock it."
Please insert the brown wire.,"Ok, I will insert the brown wire. First, I will find the brown wire. Then I will move to insert it."
Please find the pink wire.,"Ok, I will find the pink wire. First, I will find the pink wire. Then I will move to find it."
Please pick up the red wire.,"Ok, I will pick up the red wire. First, I will find the red wire. Then I will move to pick up it."
Please place the blue wire.,"Ok, I will place the blue wire. First, I will find the blue wire. Then I will move to place it."
Please lock the green wire.,"Ok, I will lock the green wire. First, I will find the green wire. Then I will move to lock it."
Please insert the black wire.,"Ok, I will insert the black wire. First, I will find the black wire. Then I will move to insert it."
Please find the yellow wire.,"Ok, I will find the yellow wire. First, I will find the yellow wire. Then I will move to find it."
Please pick up the purple wire.,"Ok, I will pick up the purple wire. First, I will find the purple wire. Then I will move to pick up it."
Please place the white wire.,"Ok, I will place the white wire. First, I will find the white wire. Then I will move to place it."
Please lock the orange wire.,"Ok, I will lock the orange wire. First, I will find the orange wire. Then I will move to lock it."
Please insert the brown wire.,"Ok, I will insert the brown wire. First, I will find the brown wire. Then I will move to insert it."
Please find the pink wire.,"Ok, I will find the pink wire. First, I will find the pink wire. Then I will move to find it."
Please pick up the red wire.,"Ok, I will pick up the red wire. First, I will find the red wire. Then I will move to pick up it."
Please place the blue wire.,"Ok, I will place the blue wire. First, I will find the blue wire. Then I will move to place it."
Please lock the green wire.,"Ok, I will lock the green wire. First, I will find the green wire. Then I will move to lock it."
Please insert the black wire.,"Ok, I will insert the black wire. First, I will find the black wire. Then I will move to insert it."
Please find the yellow wire.,"Ok, I will find the yellow wire. First, I will find the yellow wire. Then I will move to find it."
Please pick up the purple wire.,"Ok, I will pick up the purple wire. First, I will find the purple wire. Then I will move to pick up it."
Please place the white wire.,"Ok, I will place the white wire. First, I will find the white wire. Then I will move to place it."
Please lock the orange wire.,"Ok, I will lock the orange wire. First, I will find the orange wire. Then I will move to lock it."
Please insert the brown wire.,"Ok, I will insert the brown wire. First, I will find the brown wire. Then I will move to insert it."
Please find the pink wire.,"Ok, I will find the pink wire. First, I will find the pink wire. Then I will move to find it."
Please pick up the red wire.,"Ok, I will pick up the red wire. First, I will find the red wire. Then I will move to pick up it."
Please place the blue wire.,"Ok, I will place the blue wire. First, I will find the blue wire. Then I will move to place it."
Please lock the green wire.,"Ok, I will lock the green wire. First, I will find the green wire. Then I will move to lock it."
Please insert the black wire.,"Ok, I will insert the black wire. First, I will find the black wire. Then I will move to insert it."
Please find the yellow wire.,"Ok, I will find the yellow wire. First, I will find the yellow wire. Then I will move to find it."
Please pick up the purple wire.,"Ok, I will pick up the purple wire. First, I will find the purple wire. Then I will move to pick up it."
Please place the white wire.,"Ok, I will place the white wire. First, I will find the white wire. Then I will move to place it."
Please lock the orange wire.,"Ok, I will lock the orange wire. First, I will find the orange wire. Then I will move to lock it."
Please insert the brown wire.,"Ok, I will insert the brown wire. First, I will find the brown wire. Then I will move to insert it."
Please find the pink wire.,"Ok, I will find the pink wire. First, I will find the pink wire. Then I will move to find it."
Please pick up the red wire.,"Ok, I will pick up the red wire. First, I will find the red wire. Then I will move to pick up it."
Please place the blue wire.,"Ok, I will place the blue wire. First, I will find the blue wire. Then I will move to place it."
Please lock the green wire.,"Ok, I will lock the green wire. First, I will find the green wire. Then I will move to lock it."
Please insert the black wire.,"Ok, I will insert the black wire. First, I will find the black wire. Then I will move to insert it."
Please find the yellow wire.,"Ok, I will find the yellow wire. First, I will find the yellow wire. Then I will move to find it."
Please pick up the purple wire.,"Ok, I will pick up the purple wire. First, I will find the purple wire. Then I will move to pick up it."
Please place the white wire.,"Ok, I will place the white wire. First, I will find the white wire. Then I will move to place it."
Please lock the orange wire.,"Ok, I will lock the orange wire. First, I will find the orange wire. Then I will move to lock it."
Please insert the brown wire.,"Ok, I will insert the brown wire. First, I will find the brown wire. Then I will move to insert it."
Please find the pink wire.,"Ok, I will find the pink wire. First, I will find the pink wire. Then I will move to find it."
Please pick up the red wire.,"Ok, I will pick up the red wire. First, I will find the red wire. Then I will move to pick up it."
Please place the blue wire.,"Ok, I will place the blue wire. First, I will find the blue wire. Then I will move to place it."
Please lock the green wire.,"Ok, I will lock the green wire. First, I will find the green wire. Then I will move to lock it."
Please insert the black wire.,"Ok, I will insert the black wire. First, I will find the black wire. Then I will move to insert it."
Please find the yellow wire.,"Ok, I will find the yellow wire. First, I will find the yellow wire. Then I will move to find it."
Please pick up the purple wire.,"Ok, I will pick up the purple wire. First, I will find the purple wire. Then I will move to pick up it."
Please place the white wire.,"Ok, I will place the white wire. First, I will find the white wire. Then I will move to place it."
Please lock the orange wire.,"Ok, I will lock the orange wire. First, I will find the orange wire. Then I will move to lock it."
Please insert the brown wire.,"Ok, I will insert the brown wire. First, I will find the brown wire. Then I will move to insert it."
Please find the pink wire.,"Ok, I will find the pink wire. First, I will find the pink wire. Then I will move to find it."
Please pick up the red wire.,"Ok, I will pick up the red wire. First, I will find the red wire. Then I will move to pick up it."
